{"cameraMode":{"drawMode":0,"name":"Shaded","section":"Shading Mode"},"sceneLighting":true,"audioPlay":false,"sceneViewState":{"showFog":true,"showMaterialUpdate":false,"showSkybox":true,"showFlares":true,"showImageEffects":true,"showParticleSystems":true},"in2DMode":false,"pivot":{"x":-16.950000762939454,"y":1.6280360221862794,"z":2.806656837463379},"rotation":{"x":0.2397242784500122,"y":0.5756633281707764,"z":-0.18148410320281983,"w":0.760399580001831},"size":232.55296325683595,"orthographic":true}